-- 구성원 테이블 데이터
INSERT INTO members (member_id, name, age, image_path, preferred_foods, disliked_foods, is_registered, recognition_times, deleted_at)
VALUES
    ('00000000-0000-0000-0000-000000000001', '엄마', 42, '/images/profiles/mom.jpg',
     '["김치찌개", "비빔밥", "미역국"]',
     '["생굴", "당근"]',
     TRUE, 35, NULL),
    ('00000000-0000-0000-0000-000000000002', '아빠', 45, '/images/profiles/dad.jpg',
     '["삼겹살", "냉면", "소주"]',
     '["피망", "홍어"]',
     TRUE, 28, NULL),
    ('00000000-0000-0000-0000-000000000003', '아들', 15, '/images/profiles/son.jpg',
     '["피자", "치킨", "떡볶이"]',
     '["브로콜리", "시금치"]',
     TRUE, 17, NULL),
    ('00000000-0000-0000-0000-000000000004', '외부인1', 35, '/images/profiles/visitor1.jpg',
     '["초밥", "스테이크", "파스타"]',
     '["셀러리", "고수"]',
     FALSE, 3, NULL),
    ('00000000-0000-0000-0000-000000000005', '외부인2', 29, NULL,
     '["마라탕", "카레", "쌀국수"]',
     '["오이", "가지"]',
     FALSE, 1, NULL),
    ('00000000-0000-0000-0000-000000000006', '탈퇴인1', 28, NULL,
     '["치킨", "비빔밥"]',
     '["치즈"]',
     FALSE, 3, '2025-03-01 09:15:27');

-- 냉장고 재료 테이블 데이터
INSERT INTO ingredients (ingredient_id, member_id, name, image_path, inbound_at, expiration_at)
VALUES
    ('00000000-0000-0000-0000-000000000001', '00000000-0000-0000-0000-000000000002', '두부', '/images/ingredients/tofu.jpg', '2025-03-04 12:30:15', '2025-03-04 12:30:15'::timestamp + INTERVAL '7 days'),
    ('00000000-0000-0000-0000-000000000002', '00000000-0000-0000-0000-000000000001', '고추장', '/images/ingredients/gochujang.jpg', '2025-03-05 16:18:45', '2025-03-05 16:18:45'::timestamp + INTERVAL '180 days'),
    ('00000000-0000-0000-0000-000000000003', '00000000-0000-0000-0000-000000000003', '사과', '/images/ingredients/apple.jpg', '2025-03-05 18:42:21', '2025-03-05 18:42:21'::timestamp + INTERVAL '14 days'),
    ('00000000-0000-0000-0000-000000000004', '00000000-0000-0000-0000-000000000004', '치즈', '/images/ingredients/cheese.jpg', '2025-03-06 10:33:45', '2025-03-06 10:33:45'::timestamp + INTERVAL '45 days'),
    ('00000000-0000-0000-0000-000000000005', '00000000-0000-0000-0000-000000000005', '당근', '/images/ingredients/carrot.jpg', '2025-03-06 11:27:39', '2025-03-06 11:27:39'::timestamp + INTERVAL '14 days'),
    ('00000000-0000-0000-0000-000000000006', '00000000-0000-0000-0000-000000000001', '김치', '/images/ingredients/kimchi.jpg', '2025-03-06 19:51:23', '2025-03-06 19:51:23'::timestamp + INTERVAL '30 days'),
    ('00000000-0000-0000-0000-000000000007', '00000000-0000-0000-0000-000000000002', '계란', '/images/ingredients/eggs.jpg', '2025-03-07 08:15:07', '2025-03-07 08:15:07'::timestamp + INTERVAL '21 days'),
    ('00000000-0000-0000-0000-000000000008', '00000000-0000-0000-0000-000000000003', '오이', '/images/ingredients/cucumber.jpg', '2025-03-07 14:22:56', '2025-03-07 14:22:56'::timestamp + INTERVAL '8 days'),
    ('00000000-0000-0000-0000-000000000009', '00000000-0000-0000-0000-000000000004', '닭가슴살', '/images/ingredients/chicken_breast.jpg', '2025-03-07 17:38:12', '2025-03-07 17:38:12'::timestamp + INTERVAL '5 days'),
    ('00000000-0000-0000-0000-000000000010', '00000000-0000-0000-0000-000000000005', '버섯', '/images/ingredients/mushroom.jpg', '2025-03-08 09:05:44', '2025-03-08 09:05:44'::timestamp + INTERVAL '6 days');

-- 냉장고 로그 테이블 데이터
INSERT INTO ingredient_logs (member_id, ingredient_name, movement_type, created_at)
VALUES
    -- 입고 기록
    ('00000000-0000-0000-0000-000000000001', '양파', 'INBOUND', '2025-03-01 09:15:27'),
    ('00000000-0000-0000-0000-000000000002', '돼지고기', 'INBOUND', '2025-03-02 18:22:10'),
    ('00000000-0000-0000-0000-000000000003', '우유', 'INBOUND', '2025-03-03 07:44:33'),
    ('00000000-0000-0000-0000-000000000002', '두부', 'INBOUND', '2025-03-04 12:30:15'),
    ('00000000-0000-0000-0000-000000000001', '고추장', 'INBOUND', '2025-03-05 16:18:45'),
    ('00000000-0000-0000-0000-000000000003', '사과', 'INBOUND', '2025-03-05 18:42:21'),
    ('00000000-0000-0000-0000-000000000004', '치즈', 'INBOUND', '2025-03-06 10:33:45'),
    ('00000000-0000-0000-0000-000000000005', '당근', 'INBOUND', '2025-03-06 11:27:39'),
    ('00000000-0000-0000-0000-000000000001', '김치', 'INBOUND', '2025-03-06 19:51:23'),
    ('00000000-0000-0000-0000-000000000002', '계란', 'INBOUND', '2025-03-07 08:15:07'),
    ('00000000-0000-0000-0000-000000000003', '오이', 'INBOUND', '2025-03-07 14:22:56'),
    ('00000000-0000-0000-0000-000000000004', '닭가슴살', 'INBOUND', '2025-03-07 17:38:12'),
    ('00000000-0000-0000-0000-000000000005', '버섯', 'INBOUND', '2025-03-08 09:05:44'),

    -- 출고 기록
    ('00000000-0000-0000-0000-000000000002', '돼지고기', 'OUTBOUND', '2025-03-05 19:05:22'),
    ('00000000-0000-0000-0000-000000000003', '우유', 'OUTBOUND', '2025-03-06 08:12:50'),
    ('00000000-0000-0000-0000-000000000001', '양파', 'OUTBOUND', '2025-03-07 17:40:12');

-- 식단 테이블 데이터
INSERT INTO meal_plans (meal_plan_id, name, description, created_at)
VALUES
    ('00000000-0000-0000-0000-000000000001', '가족 주간 식단', '가족 구성원을 위한 주간 식단 계획입니다.', '2025-03-01 10:00:00'),
    ('00000000-0000-0000-0000-000000000002', '저탄고지 식단', '체중 관리를 위한 저탄수화물 고지방 식단입니다.', '2025-03-02 09:30:00'),
    ('00000000-0000-0000-0000-000000000003', '채식 식단', '채식 위주의 건강한 식단입니다.', '2025-03-03 14:15:00');

-- 식사 테이블 데이터
INSERT INTO meals (meal_id, menu, serving_time)
VALUES
    ('00000000-0000-0000-0000-000000000001', '["계란말이", "미역국", "밥"]', 'BREAKFAST'),
    ('00000000-0000-0000-0000-000000000002', '["샐러드", "닭가슴살 샌드위치", "과일 주스"]', 'BREAKFAST'),
    ('00000000-0000-0000-0000-000000000003', '["오트밀", "우유", "바나나"]', 'BREAKFAST'),
    ('00000000-0000-0000-0000-000000000004', '["김치찌개", "계란찜", "밥", "멸치볶음"]', 'LUNCH'),
    ('00000000-0000-0000-0000-000000000005', '["비빔밥", "된장국", "김치"]', 'LUNCH'),
    ('00000000-0000-0000-0000-000000000006', '["파스타", "샐러드", "마늘빵"]', 'LUNCH'),
    ('00000000-0000-0000-0000-000000000007', '["삼겹살", "된장찌개", "쌈", "밥"]', 'DINNER'),
    ('00000000-0000-0000-0000-000000000008', '["닭볶음탕", "시금치나물", "밥", "김치"]', 'DINNER');

-- 일일 식단 테이블 데이터
INSERT INTO daily_meal_plans (daily_meal_plan_id, meal_plan_id, serving_date, breakfast_meal_id, lunch_meal_id, dinner_meal_id)
VALUES
    ('00000000-0000-0000-0000-000000000001', '00000000-0000-0000-0000-000000000001', '2025-03-09', '00000000-0000-0000-0000-000000000001', '00000000-0000-0000-0000-000000000004', '00000000-0000-0000-0000-000000000007'),
    ('00000000-0000-0000-0000-000000000002', '00000000-0000-0000-0000-000000000001', '2025-03-10', '00000000-0000-0000-0000-000000000002', '00000000-0000-0000-0000-000000000005', '00000000-0000-0000-0000-000000000008'),
    ('00000000-0000-0000-0000-000000000003', '00000000-0000-0000-0000-000000000001', '2025-03-11', '00000000-0000-0000-0000-000000000003', '00000000-0000-0000-0000-000000000006', NULL);

-- 식단 참여자 테이블 데이터
INSERT INTO meal_plan_participations (member_id, meal_plan_id)
VALUES
    ('00000000-0000-0000-0000-000000000001', '00000000-0000-0000-0000-000000000001'),
    ('00000000-0000-0000-0000-000000000002', '00000000-0000-0000-0000-000000000001'),
    ('00000000-0000-0000-0000-000000000003', '00000000-0000-0000-0000-000000000001'),
    ('00000000-0000-0000-0000-000000000002', '00000000-0000-0000-0000-000000000002'),
    ('00000000-0000-0000-0000-000000000004', '00000000-0000-0000-0000-000000000002'),
    ('00000000-0000-0000-0000-000000000003', '00000000-0000-0000-0000-000000000003'),
    ('00000000-0000-0000-0000-000000000005', '00000000-0000-0000-0000-000000000003');