-- 구성원 테이블 데이터
INSERT INTO members (member_id, name, birth, age, image_path, preferred_foods, disliked_foods, allergies, diseases, is_registered, recognition_times)
VALUES
    ('00000000-0000-0000-0000-000000000001', '엄마', '1985-01-01', 40, '/images/profiles/mom.jpg',
     '["김치찌개", "비빔밥", "미역국"]'::JSONB,
     '["생굴", "당근"]'::JSONB,
     '["복숭아"]'::JSONB,
     '["당뇨병"]'::JSONB,
     TRUE, 35),
    ('00000000-0000-0000-0000-000000000002', '아빠', '1982-01-01', 43, '/images/profiles/dad.jpg',
     '["삼겹살", "냉면", "소주"]'::JSONB,
     '["피망", "홍어"]'::JSONB,
     '[]'::JSONB,
     '[]'::JSONB,
     TRUE, 28),
    ('00000000-0000-0000-0000-000000000003', '아들', '2010-01-01', 15, '/images/profiles/son.jpg',
     '["피자", "치킨", "떡볶이"]'::JSONB,
     '["브로콜리", "시금치"]'::JSONB,
     '["땅콩"]'::JSONB,
     '["당뇨병"]'::JSONB,
     TRUE, 17),
    ('00000000-0000-0000-0000-000000000004', '외부인1', NULL, 35, '/images/profiles/visitor1.jpg',
     '["초밥", "스테이크", "파스타"]'::JSONB,
     '["셀러리", "고수"]'::JSONB,
     '["조개류"]'::JSONB,
     '[]'::JSONB,
     FALSE, 3),
    ('00000000-0000-0000-0000-000000000005', '외부인2', NULL, 28, NULL,
     '["마라탕", "카레", "쌀국수"]'::JSONB,
     '["오이", "가지"]'::JSONB,
     '[]'::JSONB,
     '[]'::JSONB,
     FALSE, 1),
    ('00000000-0000-0000-0000-000000000006', '탈퇴인1', NULL, 27, NULL,
     '["치킨", "비빔밥"]'::JSONB,
     '["치즈"]'::JSONB,
     '["우유"]'::JSONB,
     '[]'::JSONB,
     FALSE, 3);

-- 냉장고 재료 테이블 데이터
INSERT INTO ingredients (ingredient_id, name, image_path, member_id, inbound_at, expiration_at, embedding_vector)
VALUES
    ('00000000-0000-0000-0000-000000000001', '두부', '/images/ingredients/tofu.jpg', '00000000-0000-0000-0000-000000000002', '2025-03-04 12:30:15', '2025-03-11 12:30:15', ARRAY[0.1, 0.2, 0.3]::float[] || ARRAY(SELECT 0.0 FROM generate_series(1, 1533))),
    ('00000000-0000-0000-0000-000000000002', '고추장', '/images/ingredients/gochujang.jpg', '00000000-0000-0000-0000-000000000001', '2025-03-05 16:18:45', '2025-09-05 16:18:45', ARRAY[0.2, 0.3, 0.4]::float[] || ARRAY(SELECT 0.0 FROM generate_series(1, 1533))),
    ('00000000-0000-0000-0000-000000000003', '사과', '/images/ingredients/apple.jpg', '00000000-0000-0000-0000-000000000003', '2025-03-05 18:42:21', '2025-03-19 18:42:21', ARRAY[0.3, 0.4, 0.5]::float[] || ARRAY(SELECT 0.0 FROM generate_series(1, 1533))),
    ('00000000-0000-0000-0000-000000000004', '치즈', '/images/ingredients/cheese.jpg', '00000000-0000-0000-0000-000000000004', '2025-03-06 10:33:45', '2025-04-20 10:33:45', ARRAY[0.4, 0.5, 0.6]::float[] || ARRAY(SELECT 0.0 FROM generate_series(1, 1533))),
    ('00000000-0000-0000-0000-000000000005', '당근', '/images/ingredients/carrot.jpg', '00000000-0000-0000-0000-000000000005', '2025-03-06 11:27:39', '2025-03-20 11:27:39', ARRAY[0.5, 0.6, 0.7]::float[] || ARRAY(SELECT 0.0 FROM generate_series(1, 1533))),
    ('00000000-0000-0000-0000-000000000006', '김치', '/images/ingredients/kimchi.jpg', '00000000-0000-0000-0000-000000000001', '2025-03-06 19:51:23', '2025-04-05 19:51:23', ARRAY[0.6, 0.7, 0.8]::float[] || ARRAY(SELECT 0.0 FROM generate_series(1, 1533))),
    ('00000000-0000-0000-0000-000000000007', '계란', '/images/ingredients/eggs.jpg', '00000000-0000-0000-0000-000000000002', '2025-03-07 08:15:07', '2025-03-28 08:15:07', ARRAY[0.7, 0.8, 0.9]::float[] || ARRAY(SELECT 0.0 FROM generate_series(1, 1533))),
    ('00000000-0000-0000-0000-000000000008', '오이', '/images/ingredients/cucumber.jpg', '00000000-0000-0000-0000-000000000003', '2025-03-07 14:22:56', '2025-03-15 14:22:56', ARRAY[0.8, 0.9, 1.0]::float[] || ARRAY(SELECT 0.0 FROM generate_series(1, 1533))),
    ('00000000-0000-0000-0000-000000000009', '닭가슴살', '/images/ingredients/chicken_breast.jpg', '00000000-0000-0000-0000-000000000004', '2025-03-07 17:38:12', '2025-03-12 17:38:12', ARRAY[0.9, 1.0, 0.1]::float[] || ARRAY(SELECT 0.0 FROM generate_series(1, 1533))),
    ('00000000-0000-0000-0000-000000000010', '버섯', '/images/ingredients/mushroom.jpg', '00000000-0000-0000-0000-000000000005', '2025-03-08 09:05:44', '2025-03-14 09:05:44', ARRAY[1.0, 0.1, 0.2]::float[] || ARRAY(SELECT 0.0 FROM generate_series(1, 1533)));

-- 냉장고 로그 테이블 데이터
INSERT INTO ingredient_logs (ingredient_log_id, ingredient_name, member_id, movement_type, embedding_vector)
VALUES
    -- 입고 기록
    ('00000000-0000-0000-0000-000000000001', '양파', '00000000-0000-0000-0000-000000000001', 'INBOUND', ARRAY[0.11, 0.22, 0.33]::float[] || ARRAY(SELECT 0.0 FROM generate_series(1, 1533))),
    ('00000000-0000-0000-0000-000000000002', '돼지고기', '00000000-0000-0000-0000-000000000002', 'INBOUND', ARRAY[0.12, 0.23, 0.34]::float[] || ARRAY(SELECT 0.0 FROM generate_series(1, 1533))),
    ('00000000-0000-0000-0000-000000000003', '우유', '00000000-0000-0000-0000-000000000003', 'INBOUND', ARRAY[0.13, 0.24, 0.35]::float[] || ARRAY(SELECT 0.0 FROM generate_series(1, 1533))),
    ('00000000-0000-0000-0000-000000000004', '두부', '00000000-0000-0000-0000-000000000002', 'INBOUND', ARRAY[0.14, 0.25, 0.36]::float[] || ARRAY(SELECT 0.0 FROM generate_series(1, 1533))),
    ('00000000-0000-0000-0000-000000000005', '고추장', '00000000-0000-0000-0000-000000000001', 'INBOUND', ARRAY[0.15, 0.26, 0.37]::float[] || ARRAY(SELECT 0.0 FROM generate_series(1, 1533))),
    ('00000000-0000-0000-0000-000000000006', '사과', '00000000-0000-0000-0000-000000000003', 'INBOUND', ARRAY[0.16, 0.27, 0.38]::float[] || ARRAY(SELECT 0.0 FROM generate_series(1, 1533))),
    ('00000000-0000-0000-0000-000000000007', '치즈', '00000000-0000-0000-0000-000000000004', 'INBOUND', ARRAY[0.17, 0.28, 0.39]::float[] || ARRAY(SELECT 0.0 FROM generate_series(1, 1533))),
    ('00000000-0000-0000-0000-000000000008', '당근', '00000000-0000-0000-0000-000000000005', 'INBOUND', ARRAY[0.18, 0.29, 0.40]::float[] || ARRAY(SELECT 0.0 FROM generate_series(1, 1533))),
    ('00000000-0000-0000-0000-000000000009', '김치', '00000000-0000-0000-0000-000000000001', 'INBOUND', ARRAY[0.19, 0.30, 0.41]::float[] || ARRAY(SELECT 0.0 FROM generate_series(1, 1533))),
    ('00000000-0000-0000-0000-000000000010', '계란', '00000000-0000-0000-0000-000000000002', 'INBOUND', ARRAY[0.20, 0.31, 0.42]::float[] || ARRAY(SELECT 0.0 FROM generate_series(1, 1533))),
    ('00000000-0000-0000-0000-000000000011', '오이', '00000000-0000-0000-0000-000000000003', 'INBOUND', ARRAY[0.21, 0.32, 0.43]::float[] || ARRAY(SELECT 0.0 FROM generate_series(1, 1533))),
    ('00000000-0000-0000-0000-000000000012', '닭가슴살', '00000000-0000-0000-0000-000000000004', 'INBOUND', ARRAY[0.22, 0.33, 0.44]::float[] || ARRAY(SELECT 0.0 FROM generate_series(1, 1533))),
    ('00000000-0000-0000-0000-000000000013', '버섯', '00000000-0000-0000-0000-000000000005', 'INBOUND', ARRAY[0.23, 0.34, 0.45]::float[] || ARRAY(SELECT 0.0 FROM generate_series(1, 1533))),

    -- 출고 기록
    ('00000000-0000-0000-0000-000000000014', '돼지고기', '00000000-0000-0000-0000-000000000002', 'OUTBOUND', ARRAY[0.24, 0.35, 0.46]::float[] || ARRAY(SELECT 0.0 FROM generate_series(1, 1533))),
    ('00000000-0000-0000-0000-000000000015', '우유', '00000000-0000-0000-0000-000000000003', 'OUTBOUND', ARRAY[0.25, 0.36, 0.47]::float[] || ARRAY(SELECT 0.0 FROM generate_series(1, 1533))),
    ('00000000-0000-0000-0000-000000000016', '양파', '00000000-0000-0000-0000-000000000001', 'OUTBOUND', ARRAY[0.26, 0.37, 0.48]::float[] || ARRAY(SELECT 0.0 FROM generate_series(1, 1533)));

-- 식단 테이블 데이터
INSERT INTO meal_plans (meal_plan_id, name, description)
VALUES
    ('00000000-0000-0000-0000-000000000001', '가족 주간 식단', '가족 구성원을 위한 주간 식단 계획입니다.'),
    ('00000000-0000-0000-0000-000000000002', '저탄고지 식단', '체중 관리를 위한 저탄수화물 고지방 식단입니다.'),
    ('00000000-0000-0000-0000-000000000003', '채식 식단', '채식 위주의 건강한 식단입니다.');

-- 식단 참여자 테이블 데이터
INSERT INTO meal_plan_participations (member_id, meal_plan_id)
VALUES
    ('00000000-0000-0000-0000-000000000001', '00000000-0000-0000-0000-000000000001'),
    ('00000000-0000-0000-0000-000000000002', '00000000-0000-0000-0000-000000000001'),
    ('00000000-0000-0000-0000-000000000003', '00000000-0000-0000-0000-000000000001'),
    ('00000000-0000-0000-0000-000000000002', '00000000-0000-0000-0000-000000000002'),
    ('00000000-0000-0000-0000-000000000004', '00000000-0000-0000-0000-000000000002'),
    ('00000000-0000-0000-0000-000000000003', '00000000-0000-0000-0000-000000000003'),
    ('00000000-0000-0000-0000-000000000005', '00000000-0000-0000-0000-000000000003');

-- 식사시간 테이블 데이터
INSERT INTO meal_plan_schedules (meal_plan_id, serving_day, serving_time)
VALUES
    ('00000000-0000-0000-0000-000000000001', 'MONDAY', 8),
    ('00000000-0000-0000-0000-000000000001', 'MONDAY', 13),
    ('00000000-0000-0000-0000-000000000001', 'MONDAY', 19),
    ('00000000-0000-0000-0000-000000000002', 'MONDAY', 9),
    ('00000000-0000-0000-0000-000000000002', 'MONDAY', 14),
    ('00000000-0000-0000-0000-000000000002', 'MONDAY', 20),
    ('00000000-0000-0000-0000-000000000003', 'MONDAY', 7),
    ('00000000-0000-0000-0000-000000000003', 'MONDAY', 12),
    ('00000000-0000-0000-0000-000000000003', 'MONDAY', 18);

-- 식사 테이블 데이터
INSERT INTO meals (meal_id, meal_plan_id, serving_date, meal_plan_schedule_id, menu)
VALUES
    -- 가족 주간 식단 식사
    ('00000000-0000-0000-0000-000000000001', '00000000-0000-0000-0000-000000000001', '2025-03-19', 1, '["계란말이", "미역국", "밥"]'::JSONB),
    ('00000000-0000-0000-0000-000000000002', '00000000-0000-0000-0000-000000000001', '2025-03-19', 2, '["김치찌개", "계란찜", "밥", "멸치볶음"]'::JSONB),
    ('00000000-0000-0000-0000-000000000003', '00000000-0000-0000-0000-000000000001', '2025-03-19', 3, '["삼겹살", "된장찌개", "쌈", "밥"]'::JSONB),
    ('00000000-0000-0000-0000-000000000004', '00000000-0000-0000-0000-000000000001', '2025-03-20', 1, '["샐러드", "닭가슴살 샌드위치", "과일 주스"]'::JSONB),
    ('00000000-0000-0000-0000-000000000005', '00000000-0000-0000-0000-000000000001', '2025-03-20', 2, '["비빔밥", "된장국", "김치"]'::JSONB),
    ('00000000-0000-0000-0000-000000000006', '00000000-0000-0000-0000-000000000001', '2025-03-20', 3, '["닭볶음탕", "시금치나물", "밥", "김치"]'::JSONB),

    -- 저탄고지 식단 식사
    ('00000000-0000-0000-0000-000000000007', '00000000-0000-0000-0000-000000000002', '2025-03-19', 4, '["아보카도 계란 샐러드", "베이컨", "블랙커피"]'::JSONB),
    ('00000000-0000-0000-0000-000000000008', '00000000-0000-0000-0000-000000000002', '2025-03-19', 5, '["그릴드 치킨", "아스파라거스", "올리브오일"]'::JSONB),
    ('00000000-0000-0000-0000-000000000009', '00000000-0000-0000-0000-000000000002', '2025-03-19', 6, '["스테이크", "브로콜리", "치즈 소스"]'::JSONB),

    -- 채식 식단 식사
    ('00000000-0000-0000-0000-000000000010', '00000000-0000-0000-0000-000000000003', '2025-03-19', 7, '["오트밀", "과일 믹스", "아몬드"]'::JSONB),
    ('00000000-0000-0000-0000-000000000011', '00000000-0000-0000-0000-000000000003', '2025-03-19', 8, '["렌틸 수프", "귀리빵", "채소 스틱"]'::JSONB),
    ('00000000-0000-0000-0000-000000000012', '00000000-0000-0000-0000-000000000003', '2025-03-19', 9, '["두부 볶음", "현미밥", "나물 무침"]'::JSONB);